"","academic_year","region","campus","grade","grouped_by","count","goal","percent_met","persistence_mean","persistence_min","persistence_max","persistence_median","persistence_sd"
"1","2022-2023","Austin","Bluff Springs",NA,"academic_year | region | campus",12,84.29,83.3333333333333,86.098065389645,75.4966887417219,90.9090909090909,86.6720118416184,3.81745536083515
"2","2022-2023","Austin","Health Professions",NA,"academic_year | region | campus",10,78.12,80,82.1633866945739,74.6666666666667,88.6075949367089,82.4199507389163,5.22927738382919
"3","2022-2023","Austin","Kyle",NA,"academic_year | region | campus",11,78.72,100,89.7228028963679,83.0357142857143,93.3962264150943,91.40625,3.72644663146419
"4","2022-2023","Austin","Montopolis",NA,"academic_year | region | campus",12,88.76,75,90.9647416836601,86.4406779661017,94.6153846153846,91.9979514755778,2.81540306412967
"5","2022-2023","Austin","Parmer Park",NA,"academic_year | region | campus",10,81.16,70,84.5312255604097,76.5765765765766,91.2,84.8833333333333,5.6348904000936
"6","2022-2023","Austin","Pflugerville",NA,"academic_year | region | campus",11,80.34,90.9090909090909,85.8571803511999,77.7777777777778,90.9090909090909,86.2385321100917,3.77827882537255
"7","2022-2023","Austin","Round Rock Tech",NA,"academic_year | region | campus",9,80.62,55.5555555555556,82.0142799001846,74.0157480314961,89.1472868217054,83.3333333333333,4.86323077880536
"8","2022-2023","Austin","Rundberg",NA,"academic_year | region | campus",12,87.68,75,89.6145864777408,80.9523809523809,96.2406015037594,89.4924903100775,4.71817620382416
"9","2022-2023","El Paso","Edgemere",NA,"academic_year | region | campus",12,83.43,58.3333333333333,84.3034111997555,76.1194029850746,92,84.1494701617401,4.35004523081919
"10","2022-2023","El Paso","Horizon Vista",NA,"academic_year | region | campus",9,83.37,66.6666666666667,82.8254481233603,62.7118644067797,90.1515151515152,87.4015748031496,9.0937861016244
"11","2022-2023","El Paso","Mesa Hills",NA,"academic_year | region | campus",10,73.71,90,82.7990500206448,59.0551181102362,90.3225806451613,84.0472281243964,8.93941251168604
"12","2022-2023","El Paso","Mesquite Hills",NA,"academic_year | region | campus",7,81.86,42.8571428571429,81.6544776158223,74.390243902439,92,79.5454545454545,6.51794440889735
"13","2022-2023","El Paso","Rio Vista",NA,"academic_year | region | campus",12,79.26,100,91.3001458671091,85.3658536585366,95.5357142857143,92.6326499849261,3.51625536605259
"14","2022-2023","Greater Houston Area","Hardy",NA,"academic_year | region | campus",9,79.98,33.3333333333333,78.247524165776,71.6417910447761,80.5755395683453,79.1044776119403,2.83583109826759
"15","2022-2023","Greater Houston Area","Lake Houston",NA,"academic_year | region | campus",7,77.61,100,93.0038124305681,89.1304347826087,100,90.6976744186047,4.04441424786666
"16","2022-2023","Greater Houston Area","Spears",NA,"academic_year | region | campus",10,79.97,60,81.0966311960453,63.0434782608696,100,81.9868051049102,11.0488171319009
"17","2022-2023","Permian Basin","Travis",NA,"academic_year | region | campus",10,89.25,100,93.1780189106784,89.8989898989899,95.6140350877193,93.009768009768,1.64030352035999
"18","2022-2023","Permian Basin","Yukon",NA,"academic_year | region | campus",6,87.23,100,93.6092289820362,91.6666666666667,95.3488372093023,93.6503937007874,1.54753460395799
"19","2022-2023","Rio Grande Valley","Alamo",NA,"academic_year | region | campus",13,89.76,76.9230769230769,93.0329093293964,85.7142857142857,97.5,93.4065934065934,3.65343395758983
"20","2022-2023","Rio Grande Valley","Brownsville",NA,"academic_year | region | campus",13,88.95,100,93.8573768639165,89.4736842105263,100,93.7984496124031,2.83195885551793
"21","2022-2023","Rio Grande Valley","Donna",NA,"academic_year | region | campus",13,89.62,92.3076923076923,94.8196394321841,87.4015748031496,99.1525423728814,94.6428571428571,3.04219082889783
"22","2022-2023","Rio Grande Valley","Edinburg",NA,"academic_year | region | campus",13,87.8,92.3076923076923,92.6535783604301,81.7518248175183,97.5308641975309,94.0298507462687,4.22840112853157
"23","2022-2023","Rio Grande Valley","Elsa",NA,"academic_year | region | campus",12,91.4,83.3333333333333,92.8968047714639,83.7837837837838,96.8503937007874,93.0807577268195,3.89029325440935
"24","2022-2023","Rio Grande Valley","Frontier",NA,"academic_year | region | campus",13,90.24,92.3076923076923,93.9243856738258,88.8888888888889,99.0291262135922,94.4,2.78924653615702
"25","2022-2023","Rio Grande Valley","Harlingen",NA,"academic_year | region | campus",10,87.8,50,87.3978759383647,77.2727272727273,100,87.7666666666667,6.26012065449875
"26","2022-2023","Rio Grande Valley","La Joya",NA,"academic_year | region | campus",9,90,88.8888888888889,96.1097121167019,89.3617021276596,100,96.4285714285714,3.79882180507167
"27","2022-2023","Rio Grande Valley","Los Encinos",NA,"academic_year | region | campus",11,90,100,96.5460102959216,93.75,100,95.9677419354839,1.8746521407364
"28","2022-2023","Rio Grande Valley","McAllen",NA,"academic_year | region | campus",13,89.02,100,93.4575278830408,89.2156862745098,99.0291262135922,94,2.98200631738632
"29","2022-2023","Rio Grande Valley","Mission",NA,"academic_year | region | campus",13,87.84,76.9230769230769,91.0272317377901,85.0877192982456,95.7894736842105,91.3793103448276,3.54003842698547
"30","2022-2023","Rio Grande Valley","North Mission",NA,"academic_year | region | campus",13,89.16,76.9230769230769,93.2650418359231,88.4297520661157,98.6486486486486,94.1666666666667,3.17545155226962
"31","2022-2023","Rio Grande Valley","Owassa",NA,"academic_year | region | campus",12,88.64,100,95.80537059859,93.4065934065934,98.3606557377049,96.0584554334554,1.68041643340564
"32","2022-2023","Rio Grande Valley","Palmview",NA,"academic_year | region | campus",10,89.25,40,89.4003259756593,84.8484848484848,100,88.9452815226011,4.16507290708992
"33","2022-2023","Rio Grande Valley","Pharr",NA,"academic_year | region | campus",14,90,92.8571428571429,90.6041678891642,25,100,95.4508196721311,19.0161040240238
"34","2022-2023","Rio Grande Valley","Quest",NA,"academic_year | region | campus",13,88.24,46.1538461538462,86.9187101168875,75.8064516129032,96.5116279069768,88,5.73398381952814
"35","2022-2023","Rio Grande Valley","Rio Grande City",NA,"academic_year | region | campus",13,86.06,92.3076923076923,92.6597935086874,83.1858407079646,97.4358974358974,93.9393939393939,3.9502473519224
"36","2022-2023","Rio Grande Valley","Riverview",NA,"academic_year | region | campus",13,90,100,95.4862142295924,92.0792079207921,98.4,95.6521739130435,2.09329333754332
"37","2022-2023","Rio Grande Valley","Robindale",NA,"academic_year | region | campus",11,88.9,81.8181818181818,92.0052878711432,86.2903225806452,100,91.8181818181818,3.88840452838955
"38","2022-2023","Rio Grande Valley","San Benito",NA,"academic_year | region | campus",13,88.58,92.3076923076923,92.0678587951545,84.2696629213483,95.9677419354839,92.1875,3.1352101433488
"39","2022-2023","Rio Grande Valley","San Juan",NA,"academic_year | region | campus",13,86.71,76.9230769230769,89.2906452622465,83.739837398374,93.9393939393939,89.3203883495146,3.41929461211643
"40","2022-2023","Rio Grande Valley","Sports Park",NA,"academic_year | region | campus",13,87.86,92.3076923076923,94.5227484415293,83.9622641509434,100,94.4444444444444,5.44682318737327
"41","2022-2023","Rio Grande Valley","Toros",NA,"academic_year | region | campus",5,75.51,100,90.3029661333788,85.1851851851852,100,89.6551724137931,6.07216338969516
"42","2022-2023","Rio Grande Valley","Tres Lagos",NA,"academic_year | region | campus",13,83.73,92.3076923076923,88.980124067205,82.7956989247312,93.5897435897436,89.7435897435898,3.49509148405423
"43","2022-2023","Rio Grande Valley","Weslaco",NA,"academic_year | region | campus",13,89.64,76.9230769230769,91.9146169152932,79.3650793650794,100,92.3728813559322,4.76451169859822
"44","2022-2023","Rio Grande Valley","Weslaco Pike",NA,"academic_year | region | campus",13,89.38,84.6153846153846,93.8303509276326,82.6771653543307,99.1735537190083,95.1219512195122,4.33778010950877
"45","2022-2023","San Antonio","Brackenridge",NA,"academic_year | region | campus",12,83.49,58.3333333333333,83.5915028916464,67.2413793103448,89.873417721519,84.9411231884058,5.9177308821496
"46","2022-2023","San Antonio","Burke",NA,"academic_year | region | campus",11,80.03,81.8181818181818,87.6531703063496,76.2295081967213,100,87.1212121212121,7.26835820768608
"47","2022-2023","San Antonio","Carver",NA,"academic_year | region | campus",12,83.33,91.6666666666667,84.7709794317355,64.4444444444444,93.0434782608696,85.5254406385101,7.05192179795573
"48","2022-2023","San Antonio","Converse",NA,"academic_year | region | campus",8,83.99,37.5,69.8163243489347,8.33333333333334,86.231884057971,79.5048642369682,25.9318002239661
"49","2022-2023","San Antonio","Eastside",NA,"academic_year | region | campus",12,75.03,83.3333333333333,80.6008711959374,66.6666666666667,92,80.0269645608629,6.75152871476004
"50","2022-2023","San Antonio","Ewing Halsell",NA,"academic_year | region | campus",12,83.18,75,84.7326014555612,58.6206896551724,95.7983193277311,86.5066876475216,9.46491678149003
"51","2022-2023","San Antonio","Hidden Meadow",NA,"academic_year | region | campus",9,80.96,77.7777777777778,89.2801187913318,70,100,92.3728813559322,9.88466211007317
"52","2022-2023","San Antonio","Ingram Hills",NA,"academic_year | region | campus",11,78.93,81.8181818181818,84.1499153002268,68.2692307692308,92.0634920634921,83.8095238095238,8.05963494453819
"53","2022-2023","San Antonio","Judson",NA,"academic_year | region | campus",12,82.35,83.3333333333333,86.8545228639005,80.4054054054054,92.0634920634921,86.7949040315145,3.27014099746027
"54","2022-2023","San Antonio","Mays",NA,"academic_year | region | campus",12,85.2,91.6666666666667,88.3210561509969,84.6153846153846,92.3076923076923,88.2312252964427,2.60701110999277
"55","2022-2023","San Antonio","Monterrey Park",NA,"academic_year | region | campus",12,83.6,58.3333333333333,84.9181438106533,72.9508196721311,93.3333333333333,85.2571428571429,6.39543126820606
"56","2022-2023","San Antonio","Najim",NA,"academic_year | region | campus",12,80.48,25,77.2387778687311,66.6666666666667,88.034188034188,78.1479909451047,6.2519029054308
"57","2022-2023","San Antonio","Robinson",NA,"academic_year | region | campus",2,77.93,50,78.4706603966469,76.1194029850746,80.8219178082192,78.4706603966469,3.32518012007577
"58","2022-2023","San Antonio","South Flores",NA,"academic_year | region | campus",13,83.73,84.6153846153846,85.4655825718018,33.3333333333333,94.6153846153846,89.84375,16.0853950553581
"59","2022-2023","San Antonio","Walzem",NA,"academic_year | region | campus",12,80.97,83.3333333333333,86.1239177198115,77.6859504132231,91.970802919708,87.0072751322751,4.57795869041582
"60","2022-2023","Southern Louisiana","Bridge",NA,"academic_year | region | campus",11,77.64,81.8181818181818,85.208990636123,76.5957446808511,92.1259842519685,86.1788617886179,5.19319353772169
"61","2022-2023","Southern Louisiana","Innovation",NA,"academic_year | region | campus",11,66.27,100,79.3061657588262,73.5632183908046,88.0434782608696,80,4.21555861614835
"62","2022-2023","Southern Louisiana","UP",NA,"academic_year | region | campus",8,71.81,100,82.1192248770197,77.5,90.1234567901235,81.3542265669925,4.52331942088995
"63","2022-2023","Tampa","Victory",NA,"academic_year | region | campus",3,81.98,0,0.923255650422265,0.649350649350644,1.44927536231884,0.671140939597314,0.455676702460278
"64","2022-2023","Tarrant County","Achieve",NA,"academic_year | region | campus",10,80.51,40,78.9765891329763,69.3181818181818,84.251968503937,79.2920629970373,4.43617297900369
"65","2022-2023","Tarrant County","Edgecliff",NA,"academic_year | region | campus",3,84.66,33.3333333333333,84.2079246917957,81.4516129032258,88.0952380952381,83.0769230769231,3.46320839867
"66","2022-2023","Tarrant County","Rise",NA,"academic_year | region | campus",10,82.76,10,79.0338894168921,72.7272727272727,85.2459016393443,79.1348837209302,3.23266741497117
"67","2022-2023","Tarrant County","Southeast",NA,"academic_year | region | campus",6,79.98,83.3333333333333,84.4816708717485,79.0322580645161,86.8421052631579,85.2785372522215,2.99711540464475
"68",NA,"Tampa","Hope",NA,"academic_year | region | campus",1,72.52,NA,NA,Inf,-Inf,NA,NA
"69","2022-2023","Austin",NA,"1","academic_year | region | grade",8,82.46125,87.5,86.9495871916797,78.5714285714286,92.9133858267717,86.930709173715,4.09135040238012
"70","2022-2023","Austin",NA,"10","academic_year | region | grade",5,83.958,100,88.9789179528749,85.2272727272727,92.8571428571429,88.1188118811881,3.51543146536872
"71","2022-2023","Austin",NA,"11","academic_year | region | grade",3,86.91,33.3333333333333,86.8230222660602,80.9523809523809,90.9090909090909,88.6075949367089,5.21272894011681
"72","2022-2023","Austin",NA,"2","academic_year | region | grade",8,82.46125,100,88.4985368827065,84.7457627118644,94.1666666666667,87.4358974358974,3.1835373984208
"73","2022-2023","Austin",NA,"3","academic_year | region | grade",8,82.46125,100,88.7875408253584,83.3333333333333,94.3548387096774,88.015873015873,4.39124411155573
"74","2022-2023","Austin",NA,"4","academic_year | region | grade",8,82.46125,100,88.346501830552,83.0357142857143,92.5,89.5951704545455,3.75817496121315
"75","2022-2023","Austin",NA,"5","academic_year | region | grade",8,82.46125,87.5,85.6653111348739,77.0833333333333,91.40625,86.4778606463751,4.94012276401034
"76","2022-2023","Austin",NA,"6","academic_year | region | grade",8,82.46125,75,85.6730951395906,76.5765765765766,96.2406015037594,85.9244338643716,7.11456034659916
"77","2022-2023","Austin",NA,"7","academic_year | region | grade",8,82.46125,87.5,88.8184071481478,80.3149606299213,94.6153846153846,88.6434201098639,4.40006404079366
"78","2022-2023","Austin",NA,"8","academic_year | region | grade",8,82.46125,25,80.503077062594,74.0157480314961,95.2,77.4715660542432,7.36967075687298
"79","2022-2023","Austin",NA,"9","academic_year | region | grade",7,82.7242857142857,71.4285714285714,88.1973785323155,82.7586206896552,93.3962264150943,87.8378378378378,4.08027321675313
"80","2022-2023","Austin",NA,"K","academic_year | region | grade",8,82.46125,62.5,83.4876769968134,75,89.0756302521008,84.6540178571429,4.54474559454843
"81","2022-2023","El Paso",NA,"1","academic_year | region | grade",5,80.326,80,86.3919648589201,82.1705426356589,91.1111111111111,87.4015748031496,3.63565021975366
"82","2022-2023","El Paso",NA,"10","academic_year | region | grade",2,81.345,50,84.2777777777778,83,85.5555555555556,84.2777777777778,1.80705066303229
"83","2022-2023","El Paso",NA,"2","academic_year | region | grade",5,80.326,80,86.0026998852632,77.3584905660377,93.7062937062937,85.0299401197605,6.07032034786506
"84","2022-2023","El Paso",NA,"3","academic_year | region | grade",5,80.326,80,85.9413701184532,77.2277227722772,95.1219512195122,86.7052023121387,6.7234341083676
"85","2022-2023","El Paso",NA,"4","academic_year | region | grade",4,79.9425,75,86.8737979395971,80.9917355371901,95.5357142857143,85.4838709677419,6.46007746440395
"86","2022-2023","El Paso",NA,"5","academic_year | region | grade",2,81.345,100,89.3397177419355,85.9375,92.741935483871,89.3397177419355,4.81146247279152
"87","2022-2023","El Paso",NA,"6","academic_year | region | grade",5,80.326,80,84.6301141226375,74.0384615384615,92.5233644859813,83.6363636363636,7.79927857093575
"88","2022-2023","El Paso",NA,"7","academic_year | region | grade",5,80.326,100,87.747286726323,84.4961240310078,89.6907216494845,88.4057971014493,2.02029282166176
"89","2022-2023","El Paso",NA,"8","academic_year | region | grade",4,79.9425,25,72.7354852644115,59.0551181102362,93.0555555555556,69.4156336959271,15.4054273590819
"90","2022-2023","El Paso",NA,"9","academic_year | region | grade",3,78.8,66.6666666666667,85.6216349639777,81.1764705882353,90.3225806451613,85.3658536585366,4.57841679519357
"91","2022-2023","El Paso",NA,"K","academic_year | region | grade",5,80.326,80,87.6248952680607,79.5454545454545,93.6936936936937,90.1515151515152,6.15539828966294
"92","2022-2023","El Paso",NA,"PK","academic_year | region | grade",5,80.326,60,83.6029755568279,74.390243902439,89.4117647058824,87.5,6.6362587303157
"93","2022-2023","Greater Houston Area",NA,"1","academic_year | region | grade",3,79.1866666666667,66.6666666666667,83.5606422562944,78.3216783216783,90.4761904761905,81.8840579710145,6.24829917479803
"94","2022-2023","Greater Houston Area",NA,"2","academic_year | region | grade",3,79.1866666666667,66.6666666666667,85.5326997671632,76.1194029850746,90.6976744186047,89.7810218978102,8.16502787452245
"95","2022-2023","Greater Houston Area",NA,"3","academic_year | region | grade",3,79.1866666666667,66.6666666666667,83.9093453919035,78.4722222222222,89.922480620155,83.3333333333333,5.74682057868275
"96","2022-2023","Greater Houston Area",NA,"4","academic_year | region | grade",2,79.975,100,85.0322061191626,80.4347826086957,89.6296296296296,85.0322061191626,6.50173868047533
"97","2022-2023","Greater Houston Area",NA,"5","academic_year | region | grade",3,79.1866666666667,33.3333333333333,79.1044776119403,65.6716417910448,100,71.6417910447761,18.34060556335
"98","2022-2023","Greater Houston Area",NA,"6","academic_year | region | grade",3,79.1866666666667,66.6666666666667,84.4558863778542,78.2608695652174,94.53125,80.5755395683453,8.80193946779281
"99","2022-2023","Greater Houston Area",NA,"7","academic_year | region | grade",3,79.1866666666667,33.3333333333333,84.2756994249531,77.2727272727273,96.2686567164179,79.2857142857143,10.4348597319172
"100","2022-2023","Greater Houston Area",NA,"8","academic_year | region | grade",2,79.975,50,71.6577935522035,63.0434782608696,80.2721088435374,71.6577935522035,12.1824815155624
"101","2022-2023","Greater Houston Area",NA,"K","academic_year | region | grade",3,79.1866666666667,66.6666666666667,83.4414882111183,79.1044776119403,89.1304347826087,82.089552238806,5.14788815456817
"102","2022-2023","Greater Houston Area",NA,"PK","academic_year | region | grade",1,79.97,100,100,100,100,100,NA
"103","2022-2023","Permian Basin",NA,"1","academic_year | region | grade",2,88.24,100,94.6074922452875,93.9393939393939,95.2755905511811,94.6074922452875,0.944833685193189
"104","2022-2023","Permian Basin",NA,"2","academic_year | region | grade",2,88.24,100,94.3503937007874,93.7007874015748,95,94.3503937007874,0.918682038549454
"105","2022-2023","Permian Basin",NA,"3","academic_year | region | grade",2,88.24,100,93.139184048275,92.0634920634921,94.2148760330578,93.139184048275,1.521258193816
"106","2022-2023","Permian Basin",NA,"4","academic_year | region | grade",1,89.25,100,95.6140350877193,95.6140350877193,95.6140350877193,95.6140350877193,NA
"107","2022-2023","Permian Basin",NA,"5","academic_year | region | grade",1,89.25,100,89.8989898989899,89.8989898989899,89.8989898989899,89.8989898989899,NA
"108","2022-2023","Permian Basin",NA,"6","academic_year | region | grade",2,88.24,100,92.2619047619048,91.6666666666667,92.8571428571429,92.2619047619048,0.841793787126852
"109","2022-2023","Permian Basin",NA,"7","academic_year | region | grade",2,88.24,100,94.0661711819708,92.7835051546392,95.3488372093023,94.0661711819708,1.81396369184754
"110","2022-2023","Permian Basin",NA,"8","academic_year | region | grade",1,89.25,100,92.4731182795699,92.4731182795699,92.4731182795699,92.4731182795699,NA
"111","2022-2023","Permian Basin",NA,"K","academic_year | region | grade",2,88.24,100,93.3811965811966,93.1623931623932,93.6,93.3811965811966,0.309434762365394
"112","2022-2023","Permian Basin",NA,"PK","academic_year | region | grade",1,89.25,100,91.8367346938776,91.8367346938776,91.8367346938776,91.8367346938776,NA
"113","2022-2023","Rio Grande Valley",NA,"1","academic_year | region | grade",25,88.7432,88,92.2583941161053,80.9160305343512,99.1525423728814,92.5925925925926,4.5257942588043
"114","2022-2023","Rio Grande Valley",NA,"10","academic_year | region | grade",21,88.0066666666667,95.2380952380952,93.047229115561,85.2459016393443,99.0291262135922,93,3.64295649404202
"115","2022-2023","Rio Grande Valley",NA,"11","academic_year | region | grade",19,87.7947368421053,100,94.2652303445441,88.2352941176471,99.0291262135922,94.5652173913043,2.83229761040773
"116","2022-2023","Rio Grande Valley",NA,"12","academic_year | region | grade",1,90,0,25,25,25,25,NA
"117","2022-2023","Rio Grande Valley",NA,"2","academic_year | region | grade",25,88.7432,96,93.8546599061976,87.2,97.972972972973,94.2622950819672,2.90766229098263
"118","2022-2023","Rio Grande Valley",NA,"3","academic_year | region | grade",25,88.7432,92,93.2968494638963,83.969465648855,96.8503937007874,95.6140350877193,3.99718844446543
"119","2022-2023","Rio Grande Valley",NA,"4","academic_year | region | grade",25,88.7432,92,94.4527730056911,87.8260869565217,100,94.53125,3.03530626600186
"120","2022-2023","Rio Grande Valley",NA,"5","academic_year | region | grade",25,88.7432,96,93.9477618412848,84.6153846153846,100,93.4959349593496,4.14999078842138
"121","2022-2023","Rio Grande Valley",NA,"6","academic_year | region | grade",25,88.7432,88,92.8694831564832,84.8739495798319,100,92.5619834710744,3.40730181538324
"122","2022-2023","Rio Grande Valley",NA,"7","academic_year | region | grade",26,88.2342307692308,76.9230769230769,92.8217926536666,77.2727272727273,100,94.0285204991087,5.14538520565785
"123","2022-2023","Rio Grande Valley",NA,"8","academic_year | region | grade",25,88.1636,40,88.4888114060209,79.3650793650794,100,88.0952380952381,6.01068571501251
"124","2022-2023","Rio Grande Valley",NA,"9","academic_year | region | grade",23,88.1321739130435,86.9565217391304,90.9540285887538,84,95.9016393442623,90.0826446280992,3.25281531171142
"125","2022-2023","Rio Grande Valley",NA,"K","academic_year | region | grade",25,88.7432,80,92.1609416345191,85.0877192982456,98.4962406015038,92.8571428571429,3.76509071387089
"126","2022-2023","Rio Grande Valley",NA,"PK","academic_year | region | grade",25,88.7432,80,92.6025787907569,75.8064516129032,100,92.6829268292683,6.24734913995153
"127","2022-2023","San Antonio",NA,"1","academic_year | region | grade",14,81.805,78.5714285714286,86.8561850829613,75.8620689655172,95.3846153846154,86.593392945852,5.26047735091564
"128","2022-2023","San Antonio",NA,"10","academic_year | region | grade",11,81.8445454545455,81.8181818181818,84.3246974711643,78.5714285714286,87.8260869565217,85.5670103092784,3.20975829655656
"129","2022-2023","San Antonio",NA,"11","academic_year | region | grade",10,82.136,100,88.1526426627307,81.0810810810811,91.6666666666667,89.1713919882934,3.34554691134906
"130","2022-2023","San Antonio",NA,"12","academic_year | region | grade",1,83.73,0,33.3333333333333,33.3333333333333,33.3333333333333,33.3333333333333,NA
"131","2022-2023","San Antonio",NA,"2","academic_year | region | grade",14,81.805,78.5714285714286,86.2891378100304,74.6478873239437,93.3823529411765,86.3932529533553,5.03017318457218
"132","2022-2023","San Antonio",NA,"3","academic_year | region | grade",14,81.805,85.7142857142857,87.2038750072334,72.1311475409836,95.7983193277311,88.3333333333333,6.35444753889889
"133","2022-2023","San Antonio",NA,"4","academic_year | region | grade",14,81.805,78.5714285714286,81.4265445318435,8.33333333333334,100,87.647619047619,22.0509073026846
"134","2022-2023","San Antonio",NA,"5","academic_year | region | grade",13,81.6369230769231,92.3076923076923,89.1198790746565,81.8181818181818,100,88.2352941176471,5.63066087870721
"135","2022-2023","San Antonio",NA,"6","academic_year | region | grade",15,81.5466666666667,66.6666666666667,85.3786535336446,76.1194029850746,92.0634920634921,85.9154929577465,5.37533816511497
"136","2022-2023","San Antonio",NA,"7","academic_year | region | grade",15,81.5466666666667,66.6666666666667,83.4028555569193,72.0588235294118,93.7931034482759,82.8125,5.77505726264992
"137","2022-2023","San Antonio",NA,"8","academic_year | region | grade",14,81.805,21.4285714285714,73.7741018428476,58.6206896551724,89.9280575539568,73.1147540983607,9.47291523050109
"138","2022-2023","San Antonio",NA,"9","academic_year | region | grade",12,81.6933333333333,41.6666666666667,78.8180253833226,66.6666666666667,89.1472868217054,80.5045202682998,7.7463707194994
"139","2022-2023","San Antonio",NA,"K","academic_year | region | grade",14,81.805,92.8571428571429,86.3915256827907,78.8732394366197,92.3728813559322,86.5074549237171,4.03079918018643
"140","2022-2023","San Antonio",NA,"PK","academic_year | region | grade",1,80.03,100,100,100,100,100,NA
"141","2022-2023","Southern Louisiana",NA,"1","academic_year | region | grade",3,71.9066666666667,100,81.6526180122671,77.4436090225564,89.6296296296296,77.8846153846154,6.91181288885168
"142","2022-2023","Southern Louisiana",NA,"10","academic_year | region | grade",2,71.955,100,80.9651741293532,80.5970149253731,81.3333333333333,80.9651741293532,0.520655739381139
"143","2022-2023","Southern Louisiana",NA,"2","academic_year | region | grade",3,71.9066666666667,100,85.4712597902562,80,90.1234567901235,86.2903225806452,5.11118794766187
"144","2022-2023","Southern Louisiana",NA,"3","academic_year | region | grade",3,71.9066666666667,100,83.2347648860174,78.8732394366197,90.3225806451613,80.5084745762712,6.19244278674935
"145","2022-2023","Southern Louisiana",NA,"4","academic_year | region | grade",3,71.9066666666667,100,83.17642705784,79.7297297297297,86.1788617886179,83.6206896551724,3.24743791623276
"146","2022-2023","Southern Louisiana",NA,"5","academic_year | region | grade",3,71.9066666666667,100,85.4122610426407,81.1320754716981,92.1259842519685,82.9787234042553,5.8871119103772
"147","2022-2023","Southern Louisiana",NA,"6","academic_year | region | grade",3,71.9066666666667,100,79.3518518518518,74.4444444444444,86.1111111111111,77.5,6.0497763792295
"148","2022-2023","Southern Louisiana",NA,"7","academic_year | region | grade",3,71.9066666666667,66.6666666666667,78.6541272040541,76.3157894736842,83.0508474576271,76.5957446808511,3.81024349230323
"149","2022-2023","Southern Louisiana",NA,"8","academic_year | region | grade",2,71.955,50,82.6884057971014,77.3333333333333,88.0434782608696,82.6884057971014,7.57321610575158
"150","2022-2023","Southern Louisiana",NA,"9","academic_year | region | grade",2,71.955,100,77.985312899106,73.5632183908046,82.4074074074074,77.985312899106,6.25378602773543
"151","2022-2023","Southern Louisiana",NA,"K","academic_year | region | grade",3,71.9066666666667,100,84.1609347248982,76.6990291262136,88.9705882352941,86.8131868131868,6.55161213723675
"152","2022-2023","Tampa",NA,"1","academic_year | region | grade",1,81.98,0,0.649350649350644,0.649350649350644,0.649350649350644,0.649350649350644,NA
"153","2022-2023","Tampa",NA,"3","academic_year | region | grade",1,81.98,0,0.671140939597314,0.671140939597314,0.671140939597314,0.671140939597314,NA
"154","2022-2023","Tampa",NA,"7","academic_year | region | grade",1,81.98,0,1.44927536231884,1.44927536231884,1.44927536231884,1.44927536231884,NA
"155","2022-2023","Tarrant County",NA,"1","academic_year | region | grade",3,81.0833333333333,66.6666666666667,83.4533438270121,79.3893129770992,86.71875,84.251968503937,3.72941185699732
"156","2022-2023","Tarrant County",NA,"2","academic_year | region | grade",3,81.0833333333333,100,84.2697561498277,83.739837398374,85.2459016393443,83.8235294117647,0.846401855387896
"157","2022-2023","Tarrant County",NA,"3","academic_year | region | grade",3,81.0833333333333,33.3333333333333,81.1223684210526,78.125,86.8421052631579,78.4,4.95534543772705
"158","2022-2023","Tarrant County",NA,"4","academic_year | region | grade",2,81.635,0,75.154958677686,69.3181818181818,80.9917355371901,75.154958677686,8.25444899525619
"159","2022-2023","Tarrant County",NA,"5","academic_year | region | grade",2,81.635,0,78.7936970338983,77.1186440677966,80.46875,78.7936970338983,2.3688826223543
"160","2022-2023","Tarrant County",NA,"6","academic_year | region | grade",4,81.9775,50,82.2575551782682,75.2688172043011,88.0952380952381,82.8330827067669,6.05480646782343
"161","2022-2023","Tarrant County",NA,"7","academic_year | region | grade",4,81.9775,50,82.0512031811117,79.0697674418605,84.0909090909091,82.5220680958386,2.16860284527904
"162","2022-2023","Tarrant County",NA,"8","academic_year | region | grade",3,82.6433333333333,0,77.8392428685684,72.7272727272727,81.4516129032258,79.3388429752066,4.55138750671806
"163","2022-2023","Tarrant County",NA,"9","academic_year | region | grade",2,81.635,0,79.0457184325109,78.8461538461538,79.2452830188679,79.0457184325109,0.282226944595505
"164","2022-2023","Tarrant County",NA,"K","academic_year | region | grade",3,81.0833333333333,33.3333333333333,78.7802230931565,76,81.3084112149533,79.0322580645161,2.66316515200459
"165",NA,"Tampa",NA,NA,"academic_year | region | grade",1,72.52,NA,NA,Inf,-Inf,NA,NA
"166","2022-2023",NA,NA,"1","academic_year | grade",64,84.065,82.8125,87.2791736456059,0.649350649350644,99.1525423728814,89.2165005537099,12.372103776778
"167","2022-2023",NA,NA,"10","academic_year | grade",41,84.7517073170732,90.2439024390244,89.1937555411762,78.5714285714286,99.0291262135922,89.2156862745098,5.42683298100576
"168","2022-2023",NA,NA,"11","academic_year | grade",32,85.9434375,93.75,91.6573396866195,80.9523809523809,99.0291262135922,91.6666666666667,4.47802982979309
"169","2022-2023",NA,NA,"12","academic_year | grade",2,86.865,0,29.1666666666667,25,33.3333333333333,29.1666666666667,5.8925565098879
"170","2022-2023",NA,NA,"2","academic_year | grade",63,84.0980952380952,90.4761904761905,89.6339389842325,74.6478873239437,97.972972972973,90.1234567901235,5.46179160155147
"171","2022-2023",NA,NA,"3","academic_year | grade",64,84.065,85.9375,87.8911188910449,0.671140939597314,96.8503937007874,89.8831153100775,12.6575270398563
"172","2022-2023",NA,NA,"4","academic_year | grade",59,84.2627118644068,86.4406779661017,88.4928101838276,8.33333333333334,100,90.9090909090909,12.464306388994
"173","2022-2023",NA,NA,"5","academic_year | grade",57,84.3515789473684,87.719298245614,89.6893157630885,65.6716417910448,100,90.7692307692308,7.25958267295406
"174","2022-2023",NA,NA,"6","academic_year | grade",65,84.0118461538462,78.4615384615385,87.9373762857333,74.0384615384615,100,89.7435897435898,6.66804295562221
"175","2022-2023",NA,NA,"7","academic_year | grade",67,83.8546268656716,73.134328358209,86.8696872164724,1.44927536231884,100,88.659793814433,12.5506556107073
"176","2022-2023",NA,NA,"8","academic_year | grade",59,84.2349152542373,32.2033898305085,81.6052121032656,58.6206896551724,100,81.7518248175183,10.2566148850944
"177","2022-2023",NA,NA,"9","academic_year | grade",49,84.2859183673469,69.3877551020408,86.2462771310731,66.6666666666667,95.9016393442623,88.5714285714286,7.23669365543518
"178","2022-2023",NA,NA,"K","academic_year | grade",63,84.0980952380952,79.3650793650794,88.022874983917,75,98.4962406015038,88.9705882352941,5.75410605639012
"179","2022-2023",NA,NA,"PK","academic_year | grade",33,86.9533333333333,78.7878787878788,91.6641237044527,74.390243902439,100,92.0792079207921,7.06840701682422
"180",NA,NA,NA,NA,"academic_year | grade",1,72.52,NA,NA,Inf,-Inf,NA,NA
"181","2022-2023","Austin",NA,NA,"academic_year | region",87,82.7218390804598,79.3103448275862,86.6273928734172,74.0157480314961,96.2406015037594,86.6666666666667,5.25835452522103
"182","2022-2023","El Paso",NA,NA,"academic_year | region",50,80.2546,74,85.0448712285964,59.0551181102362,95.5357142857143,86.3213511560694,7.32792140062307
"183","2022-2023","Greater Houston Area",NA,NA,"academic_year | region",26,79.3380769230769,61.5384615384615,83.3161814025544,63.0434782608696,100,81.2297987696799,9.37785356105155
"184","2022-2023","Permian Basin",NA,NA,"academic_year | region",16,88.4925,100,93.3397226874375,89.8989898989899,95.6140350877193,93.3811965811966,1.56816156636866
"185","2022-2023","Rio Grande Valley",NA,NA,"academic_year | region",315,88.508253968254,84.7619047619048,92.4560215477259,25,100,93.4065934065934,5.84787238044925
"186","2022-2023","San Antonio",NA,NA,"academic_year | region",162,81.7594444444444,72.8395061728395,83.9858517313593,8.33333333333334,100,85.9684991670453,10.1815330914437
"187","2022-2023","Southern Louisiana",NA,NA,"academic_year | region",30,71.9163333333333,93.3333333333333,82.2206839786866,73.5632183908046,92.1259842519685,81.2327044025157,5.19407999156005
"188","2022-2023","Tampa",NA,NA,"academic_year | region",3,81.98,0,0.923255650422265,0.649350649350644,1.44927536231884,0.671140939597314,0.455676702460278
"189","2022-2023","Tarrant County",NA,NA,"academic_year | region",29,81.6055172413793,37.9310344827586,80.6765029242952,69.3181818181818,88.0952380952381,80.46875,4.31043812193245
"190",NA,"Tampa",NA,NA,"academic_year | region",1,72.52,NA,NA,Inf,-Inf,NA,NA
"191","2022-2023",NA,NA,NA,"academic_year",718,84.3778830083565,78.2729805013928,87.7254131755053,0.649350649350644,100,89.3529822113708,10.0012610864484
"192",NA,NA,NA,NA,"academic_year",1,72.52,NA,NA,Inf,-Inf,NA,NA
